shot,act,title,film_start_s,film_end_s,frame_start,frame_end,duration_s,mission_clock,time_treatment,camera,action,comms,doctrine,vfx,rig,assets,sound,render_class,map,reference_frame
1,I,"Black, then a star",0,6,1,144,6,T+0:00:00,1:1,EWS · 35 mm · locked off,"Starfield. A point of light swells into a blue-white bloom as the bubble collapses (~5 s). The Endeavor resolves out of it, shield forward, both warp rings glowing, fins stowed as they must be in warp.",,O1,Warp-exit flash,warp_charge 1→0.3,EN FX-WARP,Silence. A sub-bass drop as the bubble collapses.,B,A,
2,I,Rings cool,6,10,145,240,4,T+0:00:06,1:1,CU · 50 mm · slow push along the bow ring,The front warp ring's emitters fade from blue to dark. A burst of bow RCS trims the drift.,"ENDEAVOR: Actual, Endeavor. Clean exit. Rings cooling.",O1,"Emitter glow fade, RCS puffs",warp_charge 0.3→0; rcs_bow pulse,EN SUB,Ticking metal and RCS thumps through the hull (camera rides the ring).,A,A,img/bow_v4b_combat.jpg
3,I,The task group,10,15,241,360,5,T+0:00:10,compressed 7× (13 exits over ~36 s),"EWS · 85 mm · long lens, locked off","Staggered warp flashes, seconds and 50+ km apart: the Astrid, the hedgehog pack, the Donnager, the Excelsior, both destroyers, four corvettes, the Nauvoo. Far beyond, Maren is a blue crescent, Skerry a grey dot, and the Breakers a faint glittering band.",TIDEBREAK ACTUAL: Thirteen for thirteen. Everyone's home.,O1 D2,"12 warp flashes, the Breakers' glitter band",,AST GI GI-MAV DD CV TND MAREN SKR BRK FX-WARP SUB,"Distant low thuds, one per exit (score, not diegetic).",D,A,
4,I,Shields to the park,15,20,361,480,5,T+0:03:00,compressed 8× (~40 s),"MS · 35 mm · behind the shield, looking aft at the bow","Separation thrusters fire between the front ring's spokes; the gold impact shield backs away and drifts toward a cluster of parked shields where the Nauvoo waits, the Excelsior on guard. Both warp rings stay on the ship. Every shield parked here at near-zero speed can be collected after the battle.","ENDEAVOR: Nauvoo, Endeavor. The shield's yours. | NAUVOO: Got it. We'll leave the porch light off.",O1 D9 D11,"Shield separation, thruster plumes",shield_thrusters 1; shield_separation 0→400,EN SHD TND GI GI-PD SUB,"Clamp bangs through the ring truss, then quiet.",A,A,img/endeavor_combat_demo_f060.jpg
5,I,The moon speaks,20,23,481,552,3,T+0:04:10,1:1,"HUD insert · Astrid telescope feed, 2,000 mm equivalent","On the telescope feed, a thread of light runs along Skerry's dark limb: the mass driver's track arcing as it throws. Three tracks leave the moon. The plot tags them: impact region, the final approach lane; time of flight, about seven hours.","ASTRID SENSORS: Launch on Skerry. Three rounds, heading down our lane. | TIDEBREAK ACTUAL: Noted. They'll be hours.",HO3 O2,"HUD plot, telescope grain",,HUD SKR SUB,Soft sensor tones.,E,A,
6,I,The Astrid looks,23,27,553,648,4,T+0:09:00,compressed 60× (the picture builds over ~5 min),"MS · 50 mm · the AVPSA dish slewing, cut to HUD insert","The Astrid's 100 m AVPSA dish slews. On the plot, tracks bloom: Breakwater parked over Site 1, Skerry's battery and tracks, three Compact frigates, forty-plus unknowns in the Breakers. The destroyers' net comes up and the fleet goes radio-silent.","TIDEBREAK ACTUAL: Picture's up. Breakwater's parked over their big laser, like the brief said.",O2 D10,HUD overlay,,AST HUD SUB,Soft sensor pings.,B,A,
7,I,Wave one,27,32,649,768,5,T+0:18:00,1:1,"WS · 24 mm · handheld, off the Infinity's flank","The Infinity ripple-fires 150 missiles at Skerry in fifteen seconds: pod doors open in waves down the hull, plumes curve into a stream and race away. Skerry is fixed and its laser is the one thing that can burn the fleet's fins on the way in, so it goes first.","TIDEBREAK ACTUAL: Infinity, Actual. Wave one, Skerry. Take their laser off the board. | INFINITY: Wave one away.",O3 O9 D3,"150 missile instances, plumes, pod doors",,GI GI-MAV MSL-V FX-SWARM SUB,Staccato launch cracks through the hull.,C,A,
8,I,Turn and burn,32,38,769,912,6,T+0:25:00,compressed 8× (the turn takes ~49 s),WS · 28 mm · 90° orbit round the Endeavor,"The Endeavor pitches onto the approach line on RCS and its five engines light. Bow first, guns forward, fins stowed. Across the sky the whole group lights up together: 1 g for 34 minutes.","TIDEBREAK ACTUAL: All ships, execute. One g.",O1 D2,"Main plumes, RCS",rcs_bow / rcs_stern pulses; engine_throttle 0→1; engine_glow,EN SUB,"Drive roar through the hull, rising.",B,A,
9,II,Skerry burns,38,42,913,1008,4,T+1:04:00,compressed 5× (~20 s of hits),"EWS · 1,200 mm · from the fleet, Skerry a small grey disc","Pinpricks of white on Skerry's limb: wave one arriving, nose-on to the battery. The light left Skerry a second ago. On the plot the battery goes out and two of three tracks die; the depot burns.",ASTRID SENSORS: Splash on Skerry. Their laser's gone. Two tracks down.,O3 O9,Distant nuclear flashes,,SKR FX-NUKE SUB,"Nothing, then a low swell of score.",D,A,
10,II,Fins edge-on,42,46,1009,1104,4,T+1:10:00,compressed 5× (fins extend over ~20 s),"MS · 40 mm · dead ahead, slightly high","Coasting at 20 km/s with Skerry's laser gone, the Endeavor points its nose at distant Maren and runs its four fins out. From Site 1 and Breakwater, dead ahead, every fin is edge-on. They glow a dull red.",ENDEAVOR: Fins out. Keep the nose on Maren; keep them edge-on.,D3,Fin glow,radiator_deploy 0.12→1; heat 0.6; radiator_glow,EN SUB,"Hydraulic groan through the hull, then quiet.",A,A,img/orbit_v8d.jpg
11,II,The Breakers,46,51,1105,1224,5,T+3:20:00,1:1,WS · 24 mm · tracking alongside,"The fins retract before the debris. A faint haze thickens; a single large rock slides past, twenty kilometres off, gone across the frame in two seconds at 20 km/s. Drones and corvettes spread ahead.","TIDEBREAK ACTUAL: Entering the Breakers. Fins in. Corvettes, sweep the lane.",O8 D3 D5 D6,"Dust haze, glitter, one rock fly-by",radiator_deploy 1→0.12,EN BRK CV DRN-L SUB,Low drone; dust ticking on the hull.,C,B,
12,II,Blind,51,54,1225,1296,3,T+3:30:00,1:1,"CU · 85 mm · sensor mast, with POV insert",Site 1 finds the Endeavor through the haze. The mast's optics flare and the POV feed whites out; armoured shutters slam over the windows.,ENDEAVOR SENSORS: Site One is painting us. Shutters on the mast.,HO5 D10,"Dazzle bloom on optics, POV whiteout",mast_shutter 0→1 (new),EN EN-MAST FX-DAZZLE SUB,"A static howl on the feed, cut by the shutter slam.",A,B,img/lookmast_v8d.jpg
13,II,The belt wakes,54,58,1297,1392,4,T+3:40:00,compressed 10× (~40 s),WS · 40 mm · drifting past a rock,"On a rock ahead, regolith heaves and petal doors open. Missiles tumble out unlit and fire their motors two kilometres clear. Until now the pods were the same temperature as the rock.","ROCINANTE: Launch, launch! Cold birds off the rocks, bearing two-one-zero.",HO2 HD3,"Pod doors, late motor ignition",,EMP-POD MSL-V BRK SUB,"Nothing, then a hiss.",C,B,
14,II,Countermeasures,58,63,1393,1512,5,T+3:45:00,1:1,MS · 35 mm · along the port flank,"Chaff and flares bloom and a smoke screen unfurls, thinning as it spreads. CIWS barrels spin up and lay kill clouds ahead of the incoming missiles; the laser arrays track, lenses glowing violet, beams invisible. Missiles pop one by one.","ENDEAVOR: Chaff and smoke. PD, weapons free.",D1,"Tracers, kill clouds, chaff, smoke, intercept flashes",ciws_rpm 0→2400; ciws_traverse; laser_power 0→1; laser_traverse,EN FX-PD SUB,PDC brrrt through the hull; flare pops.,A,B,img/lookpair_final.jpg
15,II,Railguns in the rocks,63,66,1513,1584,3,T+3:52:00,compressed 4× (13 s flight),WS · 50 mm · over the platform's shoulder,A buried platform unmasks 600 km off the Canterbury's bow and fires a ten-slug pattern straight down its path. With 20 km/s of closing speed the slugs arrive in thirteen seconds; the destroyer can only side-step on RCS.,"EXTENUATING CIRCUMSTANCES: Canterbury, jink! Slugs on your bow!",HO1 HO2 HO9 D4,"Muzzle flashes, slug glints",,EMP-RG DD FX-SLUG SUB,Sharp cracks through the rock (camera on the platform).,C,B,
16,II,Canterbury,66,70,1585,1680,4,T+3:52:13,1:1,MS · 40 mm · beside the destroyer,"The Canterbury is holed stern to bow. It vents air, its reactor scrams in a flash, and the hull parts in two, tumbling. Its drones drift, suddenly unled.","EXTENUATING CIRCUMSTANCES: Canterbury's gone. | TIDEBREAK ACTUAL: Extenuating, you have the net.",HO9,"Entry flash, venting, hull break, debris",,DD DD-BRK FX-BREAK SUB,A muffled impact; the comm channel dies to hiss.,C,B,
17,II,Answer,70,75,1681,1800,5,T+3:53:00,"compressed 26× (slew ~30 s, flight ~100 s)",EWS · 135 mm · the Astrid in profile,"The Astrid is coasting, so nothing has to stop: it swings its whole kilometre-long hull to bear, steadies on RCS, and fires down the spinal cannon, a blue-white bloom at the muzzle. Cut: 100 seconds later and 8,000 km away, the platform's rock erupts. The platform could not move.","TIDEBREAK ACTUAL: Astrid, turn to bear. Spinal on the platform. | ASTRID GUNNERY: On. Firing. | TIDEBREAK ACTUAL: Remember the Cant.",O4 O7,Spinal muzzle bloom; impact eruption on the rock,,AST FX-SPINAL BRK SUB,"A deep punch through the hull, then silence, then a delayed boom on the cut.",C,B,
18,III,Screens out,75,79,1801,1896,4,T+4:10:00,compressed ~40× (minutes),WS · 28 mm · behind the corvettes,"Ahead, dozens of cold hides on the rocks crack open and drones pour out. Rocinante, Tantive IV, Wallfish and Normandy fan out to meet them, PD drones ahead of them.",TANTIVE IV: Drones waking on the rocks ahead. Dozens.,HO4 D6 O7,Drone swarms (instancing),,CV DRN-C DRN-L FX-DRN BRK SUB,A rising whine in the score.,C,B,
19,III,Return to sender,79,82,1897,1968,3,T+4:14:00,1:1,HUD insert · Extenuating Circumstances,"On the destroyer's plot, a block of drone tracks flips from red to teal: the ones still on a control link are hijacked and turned on their own swarm. The autonomous ones keep coming.",EXTENUATING CIRCUMSTANCES: Got their links. Return to sender.,O5 HD9,"HUD, EW overlay",,HUD FX-EW SUB,Clipped data chatter.,E,B,
20,III,Normandy,82,85,1969,2040,3,T+4:25:00,1:1,MS · 40 mm · from the Wallfish,One autonomous drone slips the screen and dives on the Normandy. A plasma bomb goes off against its flank; the corvette breaks up in a spray of light.,"WALLFISH: One's through, on Normandy— | TIDEBREAK ACTUAL: Normandy's gone. Close the gap.",HO4,"Plasma-bomb flash, break-up",,CV CV-BRK DRN-C FX-DRN FX-BREAK SUB,"A scream of metal through the Wallfish's hull, then nothing.",C,B,
21,III,Turnover,85,91,2041,2184,6,T+4:34:10,compressed 8× (the flip takes ~49 s),"WS · 28 mm · 90° orbit, the smoke screen behind","Under smoke and an EW peak, one ship at a time, the fleet flips. The Endeavor's stern (drive, reactor, radiators) swings to face Maren and the drive lights: 1 g of braking for 34 minutes, into the lee of the Lee.",TIDEBREAK ACTUAL: Turnover. One at a time. Brake for the Lee.,O13 D8,"Main plume, RCS, smoke screen",rcs_bow / rcs_stern pulses; engine_throttle 0→1,EN FX-PD SUB,Drive roar building through the hull.,B,B,
22,III,Into the lee,91,96,2185,2304,5,T+5:09:00,compressed ~20× (station-keeping),WS · 24 mm · low over the rock's surface,"The Endeavor slides in over boulder fields and settles a few kilometres off the Lee, an 18 km rubble pile. From here the rock stands between the ship and Site 1, and Breakwater, directly beneath it. The rest of the fleet strings out along the rock's shadow line, 50 km apart.",ENDEAVOR: In the lee. The rock's between us and Site One.,D5 O8 D2,"Rock parallax, dust",rcs_bow / rcs_stern pulses,EN LEE SUB,Low creaks; RCS thumps.,C,C,
23,III,Too hot,96,100,2305,2400,4,T+5:12:00,compressed 5× (fins extend over ~20 s),MS · 35 mm · along the stern shoulders,"Heat alarms. The slot doors slide open and all four fins telescope out, glowing orange as they dump the heat of the Breakers fight. For the first time in two hours the ship is bright.",ENDEAVOR ENGINEERING: Sink ninety-four percent. Dumping heat.,D3 D5,"Fin glow ramps, light spill on the hull",radiator_deploy 0→1; heat 1.9→2.4; radiator_glow,EN SUB,Alarm tones; the fins' hydraulic groan.,A,C,img/lookaft_s1combat.jpg
24,III,Fin hit,100,104,2401,2496,4,T+5:21:00,1:1,CU · 50 mm · on the port fin,"A platform on another rock 800 km away has line of sight to the fins sticking out of the Lee's shadow. Ten slugs, 32 seconds of flight; the fins are halfway in when one clips the port fin. It shatters into glowing shards and coolant flashes to vapour.","ENDEAVOR: Launch, eight hundred k! Fins in— | ENDEAVOR: Port fin's gone. Cut it loose.",HO7 HO1 D7,"Fin shatter, coolant vapour",fin_port 1→shatter (new); fin_starboard/dorsal/ventral 1→0.5 (new),EN EN-FIN FX-FIN FX-SLUG SUB,Metal shear through the hull; hiss.,A,C,
25,III,Broadside,104,110,2497,2640,6,T+5:21:40,compressed 7× (roll and fire ~40 s),WS → CU · 24 → 50 mm · push onto the port batteries,"Fins stowed, the Endeavor rolls to bring its port turrets to bear; the well batteries rise on their lifts; the M-1Cs wake, arm and fire in sequence at the platform (fixed, so it cannot dodge). Thirty-two seconds later the platform's rock flashes.",ENDEAVOR: Roll to port. Batteries up. Fire.,O6 O4 D3,"M-1C muzzle blasts (tracer style), slug streaks",radiator_deploy →0.12; rail_traverse; rail_elevation; battery_raise 0→1; rail_wake; rail_lock; rail_arm; shot_a / shot_b; rail_scales; rail_heat,EN M1C SUB,"Hammering cracks through the hull, each with its recoil clunk.",A,C,img/house_s1combat.jpg
26,III,The frigate,110,113,2641,2712,3,T+5:24:00,1:1,WS · 40 mm · over the Donnager,A Compact frigate that has sat cold behind a rock 60 km away swings out and fires its coilgun; the slug spalls the Endeavor's port belt. The Donnager's four batteries answer.,"DONNAGER: Frigate off the rock, sixty kilometres. Engaging.",HO6 O6,"Coilgun flash, spall on the Endeavor's belt, Donnager muzzle flashes",,CF GI GI-GUN EN-DMG LEE SUB,Hammering cracks through the Donnager's hull.,C,C,
27,III,Lance,113,117,2713,2808,4,T+5:24:30,1:1,CU · 28 mm · the Endeavor's nose,"The lance channels on the nose glow. At 40 km, inside the one range where a lance works, the Endeavor fires: a violet-white plasma ring crosses the gap in a blink and the frigate's midsection opens. Escape pods scatter as it breaks.","ENDEAVOR: Lance, forty kilometres. Now.",O12 O6,"Lance core glow, plasma bolt, frigate break-up",lance_power 0→1,EN FX-LANCE CF FX-BREAK SUB,"A rising electric whine, then a crack.",A,C,
28,IV,The line,117,121,2809,2904,4,T+5:40:00,1:1,HUD insert · Astrid plot,"The plot shows the Lee, Breakwater and Site 1 in one straight line. Missiles fired down it will meet Site 1 and Breakwater nose-first; the other three sites cannot see Breakwater's sky. Readout: Endeavor sink 31 %, fins 3 of 4.","TIDEBREAK ACTUAL: That's the line: the Lee, Breakwater, Site One. Wave two on my mark. | EXCELSIOR: Park reports six drones on the shields. Engaging.",O9 O3 HO8 D11,HUD plot,,HUD SUB,Sensor tones; the score gathers.,E,D,
29,IV,Wave two,121,126,2905,3024,5,T+5:42:00,1:1,"WS · 24 mm · from the Lee's surface, looking along the line","The Pillar of Autumn and the Galactica ripple-fire from the lee: decoys, EW missiles and enough real warheads that Breakwater must answer. This wave is meant to be spent. Behind them the Infinity, empty, turns for the Nauvoo.",TIDEBREAK ACTUAL: Mark. | PILLAR OF AUTUMN: Wave two away. | INFINITY: Infinity's dry. Heading home.,O3 O11,"Two ripple launches, hundreds of plumes",,GI GI-MAV MSL-V FX-SWARM LEE SUB,Staccato cracks; then the score drops out.,C,D,
30,IV,The net,126,131,3025,3144,5,T+6:40:00,compressed 24× (~2 min),WS · 50 mm · over the Extenuating Circumstances,"Hours after the moon spoke, Skerry's rounds arrive. Ahead of the fleet the destroyer's drones light up a spreading cloud of pellets, glittering in their lamps, lying across the lane. The fleet side-steps, drives angled off the line.","EXTENUATING CIRCUMSTANCES: Skerry's rounds, right where we said. Canister, bursting ahead. | TIDEBREAK ACTUAL: All ships, come left two degrees.",HO3 O13 D4 O8,Canister cloud glitter in drone lamps,,DD DRN-L FX-CAN SUB,Dust ticking; data chatter.,C,D,
31,IV,The anvil,131,135,3145,3240,4,T+6:48:00,compressed ~30× (minutes),EWS · 50 mm · over Maren's limb,"Breakwater swings its turrets over the limb of Maren, tracking but silent: the fleet stays far outside the range its guns can hit. Its missile cells open instead. Along its orbit the ring's PD stations unmask.",ASTRID SENSORS: Ring's unmasking along the orbit. Breakwater's cells are open.,HD1 HD5 HD7 HO1,"Turret motion, cell doors, ring lights",,BW RING MAREN SUB,A low brass sting.,C,D,
32,IV,Blind it,135,138,3241,3312,3,T+6:52:00,1:1,MS · 35 mm · the Endeavor's laser arrays,"The Extenuating Circumstances floods the ring's links; the emplacements drop to their pre-loaded plans. Every laser array in the fleet turns on Breakwater's optics, lenses violet, beams invisible.","EXTENUATING CIRCUMSTANCES: Their net's down. The ring's on local control. | ENDEAVOR: All arrays, dazzle Breakwater.",O5 HD9,"Lens glow, EW overlay on inserts",laser_power 1; laser_traverse; laser_elevation,EN FX-EW SUB,Clipped data chatter; lens capacitors whine.,A,D,img/lookyoke_final.jpg
33,IV,Wall of fire,138,143,3313,3432,5,T+7:02:58,slowed 5× (the wave arrives within ~1 s),WS · 40 mm · above Breakwater,"Wave three (the Casaba killers, launched from the approach) arrives in the same second, down the line, nose-on. Breakwater's PD wall fills the sky with tracers and dying decoys, but its lasers see only hardened noses.","GALACTICA: Wave three, on target in three, two—",O3 HD5 O9,"Tracer streams, intercept flashes",,BW FX-PD FX-SWARM SUB,"Dense crackle in the score (no air, no bangs).",C,D,
34,IV,Casaba,143,147,3433,3528,4,T+7:03:00,slowed 3×,WS · 35 mm · off Breakwater's quarter,"Three kilometres out, the surviving Casaba charges fire: nuclear plasma spears lance into Breakwater's drive section. Its engines and main thrusters go dark; the monitor is still whole, but it can no longer move.",ASTRID SENSORS: Spears in. Breakwater's drive is dark.,O10,"Casaba jets, drive section breach, venting",,BW BW-BRK FX-CASABA SUB,"White noise, then silence.",C,D,
35,IV,Spinal,147,154,3529,3696,7,T+7:26:00,"compressed 30× (slew, fire, 184 s flight)","EWS · 200 mm · the Astrid end-on, then Breakwater","The Astrid, still coasting bow-on at 14,700 km, steadies its whole hull on the crippled monitor and fires. Cut: three minutes later the slug enters through the Casaba breach amidships. Breakwater's back breaks in a chain of secondary flashes.","TIDEBREAK ACTUAL: It can't move. Astrid, spinal. | ASTRID GUNNERY: Firing. Impact in three minutes.",O4 O10 HD7,"Spinal muzzle bloom; impact, spall cone, break-up",,AST BW BW-BRK FX-SPINAL FX-BREAK SUB,Everything drops out; then one deep boom on the cut to the impact.,C,D,
36,IV,Terms,154,158,3697,3792,4,T+7:45:00,1:1,MS · 50 mm · slow drift through Breakwater's debris toward the Endeavor,"Debris drifts past the Endeavor: three fins stowed, one stump, scars on the port belt. The CIWS barrels spin down and the lens glow fades.","EXTENUATING CIRCUMSTANCES: Actual, MDC is on the line. They're asking for terms. | TIDEBREAK ACTUAL: Tell them Site One goes dark first.",D7,Floating debris,ciws_rpm →0; laser_power →0; heat 2.2,EN EN-FIN EN-DMG FX-BREAK SUB,Ticking metal; a long exhale in the score.,C,D,
37,IV,Hold,158,165,3793,3960,7,T+9:10:00,1:1,EWS · 35 mm · locked off,"Site 1 is dark. Against Maren's night side, city lights below, the Endeavor runs out its three remaining fins, glowing orange, and dumps the heat of the day. Cut to black.",ENDEAVOR: Site One's dark. Fins out.,D3,"Fin glow, city lights",radiator_deploy 0→1 (3 fins); heat 2.4; radiator_glow,EN EN-FIN MAREN SUB,The score resolves; then silence.,B,D,img/hero_s1combat.jpg
